{"episodes": [0, 1, 2, 3, 4, 5, 6, 7, 8, 9, 10, 11, 12, 13, 14, 15, 16, 17, 18, 19, 20, 21, 22, 23, 24, 25, 26, 27, 28, 29, 30, 31, 32, 33, 34, 35, 36, 37, 38, 39, 40, 41, 42, 43, 44, 45, 46, 47, 48, 49, 50], "epsilon": [1.0, 1.0, 1.0, 1.0, 1.0, 1.0, 1.0, 1.0, 1.0, 1.0, 1.0, 1.0, 1.0, 1.0, 1.0, 1.0, 1.0, 1.0, 1.0, 1.0, 1.0, 1.0, 1.0, 1.0, 1.0, 1.0, 1.0, 1.0, 1.0, 1.0, 1.0, 1.0, 1.0, 1.0, 1.0, 1.0, 1.0, 1.0, 1.0, 1.0, 1.0, 1.0, 1.0, 1.0, 1.0, 1.0, 1.0, 1.0, 1.0, 1.0, 1.0], "rewards": [-0.1, -0.1, -0.1, -0.1, -0.1, 10, -0.1, -0.1, -0.1, -0.1, -0.1, -0.1, 10, -0.1, -0.1, -0.1, -0.1, -0.1, -0.1, -0.1, -0.1, -0.1, -0.1, -0.1, -0.1, -0.1, -0.1, -0.1, -0.1, 1, -0.1, -0.1, -0.1, -0.1, 1, -0.1, -0.1, -0.1, 10, -0.1, -0.1, -0.1, -0.1, -0.1, -0.1, -0.1, 10, -0.1, -0.1, -0.1, 10, -0.1, -0.1, -0.1, 10, -0.1, -0.1, -0.1, -0.1, 10, -0.1, -0.1, -0.1, -0.1, -0.1, -0.1, -0.1, -0.1, -0.1, -0.1, -0.1, -0.1, 10, -0.1, -0.1, -0.1, -0.1, 10, -0.1, -0.1, -0.1, 10, -0.1, -0.1, -0.1, -0.1, -0.1, -0.1, -0.1, -0.1, 1, -0.1, -0.1, 10, -0.1, -0.1, -0.1, -0.1, 1, -0.1, -0.1, -0.1, 10, -0.1, -0.1, -0.1, -0.1, -0.1, -0.1, 10, -0.1, -0.1, -0.1, -0.1, 1, -0.1, -0.1, -0.1, -0.1, 1, -0.1, -0.1, -0.1, 10, -0.1, -0.1, -0.1, -0.1, 1, -0.1, -0.1, 10, -0.1, -0.1, -0.1, -0.1, -0.1, -0.1, -0.1, -0.1, -0.1, -0.1, -0.1, 10, -0.1, -0.1, -0.1, 10, -0.1, -0.1, -0.1, 10, -0.1, -0.1, -0.1, -0.1, 10, -0.1, -0.1, -0.1, -0.1, 10, -0.1, -0.1, -0.1, -0.1, 1, -0.1, -0.1, -0.1, 10, -0.1, -0.1, -0.1, -0.1, -0.1, -0.1, -0.1, 10, -0.1, -0.1, -0.1, 10, -0.1, -0.1, -0.1, -0.1, 10, -0.1, -0.1, 10, -0.1, -0.1, -0.1, -0.1, -0.1, -0.1, -0.1, 10, -0.1, -0.1, -0.1, -0.1, 1, -0.1, -0.1, -0.1, 10, -0.1, -0.1, -0.1, -0.1, 10], "wins": 28, "losses": 14, "draws": 9, "win_rate": [0.0, 0.5, 0.3333333333333333, 0.5, 0.4, 0.3333333333333333, 0.2857142857142857, 0.25, 0.2222222222222222, 0.3, 0.2727272727272727, 0.3333333333333333, 0.38461538461538464, 0.42857142857142855, 0.4666666666666667, 0.4375, 0.4117647058823529, 0.4444444444444444, 0.47368421052631576, 0.5, 0.47619047619047616, 0.45454545454545453, 0.4782608695652174, 0.4583333333333333, 0.48, 0.46153846153846156, 0.48148148148148145, 0.4642857142857143, 0.4482758620689655, 0.4666666666666667, 0.45161290322580644, 0.46875, 0.45454545454545453, 0.4411764705882353, 0.45714285714285713, 0.4722222222222222, 0.4864864864864865, 0.5, 0.5128205128205128, 0.5, 0.5121951219512195, 0.5, 0.5116279069767442, 0.5227272727272727, 0.5333333333333333, 0.5434782608695652, 0.5319148936170213, 0.5416666666666666, 0.5306122448979592, 0.54, 0.5490196078431373], "avg_reward": [-0.10000000000000002, 1.5833333333333333, 1.0222222222222224, 1.453846153846154, 1.088235294117647, 0.8619047619047616, 0.708, 0.6099999999999998, 0.5399999999999998, 0.7333333333333331, 0.6558139534883721, 0.8063829787234043, 0.9540000000000001, 1.1560000000000001, 1.156, 0.954, 0.954, 1.156, 1.3579999999999999, 1.538, 1.5160000000000002, 1.3359999999999999, 1.538, 1.358, 1.358, 1.156, 1.1560000000000001, 1.1780000000000002, 1.2, 1.2, 1.02, 1.0199999999999998, 1.02, 1.0199999999999998, 0.998, 1.2, 1.38, 1.38, 1.38, 1.38, 1.56, 1.358, 1.5379999999999998, 1.538, 1.74, 1.942, 1.7400000000000002, 1.74, 1.56, 1.56, 1.56]}