{"episodes": [0, 1, 2, 3, 4, 5, 6, 7, 8, 9, 10, 11, 12, 13, 14, 15, 16, 17, 18, 19, 20, 21, 22, 23, 24, 25, 26, 27, 28, 29, 30, 31, 32, 33, 34, 35, 36, 37, 38, 39, 40, 41, 42, 43, 44, 45, 46, 47, 48, 49, 50, 51, 52, 53, 54, 55, 56, 57, 58, 59, 60, 61, 62, 63, 64, 65, 66, 67, 68, 69, 70, 71, 72, 73, 74, 75, 76, 77, 78, 79, 80, 81, 82, 83, 84, 85, 86, 87, 88, 89, 90, 91, 92, 93, 94, 95, 96, 97, 98, 99, 100, 101, 102, 103, 104, 105, 106, 107, 108, 109, 110, 111, 112, 113, 114, 115, 116, 117, 118, 119, 120, 121, 122, 123, 124, 125, 126, 127, 128, 129, 130, 131, 132, 133, 134, 135, 136, 137, 138, 139, 140, 141, 142, 143, 144, 145, 146, 147, 148, 149, 150], "epsilon": [1.0, 1.0, 1.0, 1.0, 1.0, 1.0, 1.0, 1.0, 1.0, 1.0, 1.0, 1.0, 1.0, 1.0, 1.0, 1.0, 1.0, 1.0, 1.0, 1.0, 1.0, 1.0, 1.0, 1.0, 1.0, 1.0, 1.0, 1.0, 1.0, 1.0, 1.0, 1.0, 1.0, 1.0, 1.0, 1.0, 1.0, 1.0, 1.0, 1.0, 1.0, 1.0, 1.0, 1.0, 1.0, 1.0, 1.0, 1.0, 1.0, 1.0, 1.0, 1.0, 1.0, 1.0, 1.0, 1.0, 1.0, 1.0, 1.0, 1.0, 1.0, 1.0, 1.0, 1.0, 1.0, 1.0, 1.0, 1.0, 1.0, 1.0, 1.0, 1.0, 1.0, 1.0, 1.0, 1.0, 1.0, 1.0, 1.0, 1.0, 1.0, 1.0, 1.0, 1.0, 1.0, 1.0, 1.0, 1.0, 1.0, 1.0, 1.0, 1.0, 1.0, 1.0, 1.0, 1.0, 1.0, 1.0, 1.0, 1.0, 0.995, 0.990025, 0.985074875, 0.9801495006250001, 0.9752487531218751, 0.9703725093562657, 0.9655206468094844, 0.960693043575437, 0.9558895783575597, 0.9511101304657719, 0.946354579813443, 0.9416228069143757, 0.9369146928798039, 0.9322301194154049, 0.9275689688183278, 0.9229311239742362, 0.918316468354365, 0.9137248860125932, 0.9091562615825302, 0.9046104802746175, 0.9000874278732445, 0.8955869907338783, 0.8911090557802088, 0.8866535105013078, 0.8822202429488013, 0.8778091417340573, 0.8734200960253871, 0.8690529955452602, 0.8647077305675338, 0.8603841919146962, 0.8560822709551227, 0.851801859600347, 0.8475428503023453, 0.8433051360508336, 0.8390886103705794, 0.8348931673187264, 0.8307187014821328, 0.8265651079747222, 0.8224322824348486, 0.8183201210226743, 0.8142285204175609, 0.810157377815473, 0.8061065909263957, 0.8020760579717637, 0.798065677681905, 0.7940753492934954, 0.7901049725470279, 0.7861544476842928, 0.7822236754458713, 0.778312557068642, 0.7744209942832988], "rewards": [-0.1, -0.1, -0.1, -0.1, -0.1, 10, -0.1, -0.1, -0.1, -0.1, -0.1, -0.1, 10, -0.1, -0.1, -0.1, -0.1, -0.1, -0.1, -0.1, -0.1, -0.1, -0.1, -0.1, -0.1, -0.1, -0.1, -0.1, -0.1, 1, -0.1, -0.1, -0.1, -0.1, 1, -0.1, -0.1, -0.1, 10, -0.1, -0.1, -0.1, -0.1, -0.1, -0.1, -0.1, 10, -0.1, -0.1, -0.1, 10, -0.1, -0.1, -0.1, 10, -0.1, -0.1, -0.1, -0.1, 10, -0.1, -0.1, -0.1, -0.1, -0.1, -0.1, -0.1, -0.1, -0.1, -0.1, -0.1, -0.1, 10, -0.1, -0.1, -0.1, -0.1, 10, -0.1, -0.1, -0.1, 10, -0.1, -0.1, -0.1, -0.1, -0.1, -0.1, -0.1, -0.1, 1, -0.1, -0.1, 10, -0.1, -0.1, -0.1, -0.1, 1, -0.1, -0.1, -0.1, 10, -0.1, -0.1, -0.1, -0.1, -0.1, -0.1, 10, -0.1, -0.1, -0.1, -0.1, 1, -0.1, -0.1, -0.1, -0.1, 1, -0.1, -0.1, -0.1, 10, -0.1, -0.1, -0.1, -0.1, 1, -0.1, -0.1, 10, -0.1, -0.1, -0.1, -0.1, -0.1, -0.1, -0.1, -0.1, -0.1, -0.1, -0.1, 10, -0.1, -0.1, -0.1, 10, -0.1, -0.1, -0.1, 10, -0.1, -0.1, -0.1, -0.1, 10, -0.1, -0.1, -0.1, -0.1, 10, -0.1, -0.1, -0.1, -0.1, 1, -0.1, -0.1, -0.1, 10, -0.1, -0.1, -0.1, -0.1, -0.1, -0.1, -0.1, 10, -0.1, -0.1, -0.1, 10, -0.1, -0.1, -0.1, -0.1, 10, -0.1, -0.1, 10, -0.1, -0.1, -0.1, -0.1, -0.1, -0.1, -0.1, 10, -0.1, -0.1, -0.1, -0.1, 1, -0.1, -0.1, -0.1, 10, -0.1, -0.1, -0.1, -0.1, 10, -0.1, -0.1, -0.1, -0.1, 1, -0.1, -0.1, -0.1, 10, -0.1, -0.1, -0.1, -0.1, 1, -0.1, -0.1, -0.1, -0.1, 10, -0.1, -0.1, -0.1, 10, -0.1, -0.1, -0.1, -0.1, -0.1, -0.1, -0.1, 10, -0.1, -0.1, -0.1, -0.1, 1, -0.1, -0.1, -0.1, -0.1, 10, -0.1, -0.1, -0.1, 10, -0.1, -0.1, -0.1, 10, -0.1, -0.1, 10, -0.1, -0.1, -0.1, -0.1, -0.1, -0.1, -0.1, -0.1, 1, -0.1, -0.1, -0.1, 10, -0.1, -0.1, -0.1, -0.1, -0.1, -0.1, -0.1, -0.1, 10, -0.1, -0.1, -0.1, -0.1, -0.1, -0.1, -0.1, -0.1, -0.1, -0.1, -0.1, -0.1, 10, -0.1, -0.1, -0.1, 10, -0.1, -0.1, -0.1, -0.1, 10, -0.1, -0.1, -0.1, -0.1, -0.1, -0.1, -0.1, -0.1, -0.1, -0.1, -0.1, 10, -0.1, -0.1, -0.1, 10, -0.1, -0.1, -0.1, -0.1, -0.1, -0.1, 10, -0.1, -0.1, -0.1, -0.1, -0.1, -0.1, 10, -0.1, -0.1, -0.1, -0.1, 1, -0.1, -0.1, -0.1, -0.1, 1, -0.1, -0.1, -0.1, -0.1, 1, -0.1, -0.1, -0.1, 10, -0.1, -0.1, -0.1, -0.1, 1, -0.1, -0.1, -0.1, -0.1, 10, -0.1, -0.1, -0.1, -0.1, -0.1, -0.1, -0.1, 10, -0.1, -0.1, -0.1, -0.1, 10, -0.1, -0.1, -0.1, 10, -0.1, -0.1, -0.1, -0.1, 10, -0.1, -0.1, -0.1, -0.1, -0.1, -0.1, 10, -0.1, -0.1, 10, -0.1, -0.1, -0.1, -0.1, -0.1, -0.1, -0.1, -0.1, -0.1, -0.1, 10, -0.1, -0.1, -0.1, 10, -0.1, -0.1, -0.1, -0.1, -0.1, -0.1, -0.1, 10, -0.1, -0.1, -0.1, 10, -0.1, -0.1, -0.1, -0.1, -0.1, -0.1, -0.1, 10, -0.1, -0.1, -0.1, -0.1, -0.1, -0.1, -0.1, -0.1, -0.1, 10, -0.1, -0.1, -0.1, 10, -0.1, -0.1, -0.1, 10, -0.1, -0.1, -0.1, -0.1, 1, -0.1, -0.1, -0.1, -0.1, 10, -0.1, -0.1, -0.1, 10, -0.1, -0.1, -0.1, -0.1, 1, -0.1, -0.1, -0.1, 10, -0.1, -0.1, -0.1, -0.1, 10, -0.1, -0.1, -0.1, 10, -0.1, -0.1, 10, -0.1, -0.1, -0.1, 10, -0.1, -0.1, -0.1, -0.1, 10, -0.1, -0.1, -0.1, 10, -0.1, -0.1, -0.1, -0.1, 10, -0.1, -0.1, -0.1, -0.1, 1, -0.1, -0.1, -0.1, 10, -0.1, -0.1, -0.1, -0.1, -0.1, -0.1, -0.1, -0.1, 1, -0.1, -0.1, -0.1, -0.1, -0.1, -0.1, -0.1, 10, -0.1, -0.1, -0.1, -0.1, 10, -0.1, -0.1, -0.1, 10, -0.1, -0.1, -0.1, 10, -0.1, -0.1, -0.1, -0.1, 10, -0.1, -0.1, 10, -0.1, -0.1, -0.1, -0.1, -0.1, -0.1, -0.1, -0.1, 10, -0.1, -0.1, -0.1, 10, -0.1, -0.1, -0.1, -0.1, -0.1, -0.1, -0.1, 10, -0.1, -0.1, -0.1, -0.1, -0.1, -0.1, -0.1, 1, -0.1, -0.1, -0.1, -0.1, -0.1, -0.1, -0.1, 10, -0.1, -0.1, -0.1, -0.1, -0.1, -0.1, -0.1, -0.1, 10, -0.1, -0.1, -0.1, -0.1, -0.1, -0.1, -0.1, -0.1, -0.1, -0.1, -0.1, 10, -0.1, -0.1, -0.1, -0.1, -0.1, -0.1, -0.1, -0.1, -0.1, -0.1, -0.1, -0.1, -0.1, -0.1, -0.1, 10, -0.1, -0.1, -0.1, 10], "wins": 86, "losses": 43, "draws": 22,