{"episodes": [0, 1, 2, 3, 4, 5, 6, 7, 8, 9, 10, 11, 12, 13, 14, 15, 16, 17, 18, 19, 20, 21, 22, 23, 24, 25, 26, 27, 28, 29, 30, 31, 32, 33, 34, 35, 36, 37, 38, 39, 40, 41, 42, 43, 44, 45, 46, 47, 48, 49, 50, 51, 52, 53, 54, 55, 56, 57, 58, 59, 60, 61, 62, 63, 64, 65, 66, 67, 68, 69, 70, 71, 72, 73, 74, 75, 76, 77, 78, 79, 80, 81, 82, 83, 84, 85, 86, 87, 88, 89, 90, 91, 92, 93, 94, 95, 96, 97, 98, 99, 100, 101, 102, 103, 104, 105, 106, 107, 108, 109, 110, 111, 112, 113, 114, 115, 116, 117, 118, 119, 120, 121, 122, 123, 124, 125, 126, 127, 128, 129, 130, 131, 132, 133, 134, 135, 136, 137, 138, 139, 140, 141, 142, 143, 144, 145, 146, 147, 148, 149, 150, 151, 152, 153, 154, 155, 156, 157, 158, 159, 160, 161, 162, 163, 164, 165, 166, 167, 168, 169, 170, 171, 172, 173, 174, 175, 176, 177, 178, 179, 180, 181, 182, 183, 184, 185, 186, 187, 188, 189, 190, 191, 192, 193, 194, 195, 196, 197, 198, 199, 200, 201, 202, 203, 204, 205, 206, 207, 208, 209, 210, 211, 212, 213, 214, 215, 216, 217, 218, 219, 220, 221, 222, 223, 224, 225, 226, 227, 228, 229, 230, 231, 232, 233, 234, 235, 236, 237, 238, 239, 240, 241, 242, 243, 244, 245, 246, 247, 248, 249, 250], "epsilon": [1.0, 1.0, 1.0, 1.0, 1.0, 1.0, 1.0, 1.0, 1.0, 1.0, 1.0, 1.0, 1.0, 1.0, 1.0, 1.0, 1.0, 1.0, 1.0, 1.0, 1.0, 1.0, 1.0, 1.0, 1.0, 1.0, 1.0, 1.0, 1.0, 1.0, 1.0, 1.0, 1.0, 1.0, 1.0, 1.0, 1.0, 1.0, 1.0, 1.0, 1.0, 1.0, 1.0, 1.0, 1.0, 1.0, 1.0, 1.0, 1.0, 1.0, 1.0, 1.0, 1.0, 1.0, 1.0, 1.0, 1.0, 1.0, 1.0, 1.0, 1.0, 1.0, 1.0, 1.0, 1.0, 1.0, 1.0, 1.0, 1.0, 1.0, 1.0, 1.0, 1.0, 1.0, 1.0, 1.0, 1.0, 1.0, 1.0, 1.0, 1.0, 1.0, 1.0, 1.0, 1.0, 1.0, 1.0, 1.0, 1.0, 1.0, 1.0, 1.0, 1.0, 1.0, 1.0, 1.0, 1.0, 1.0, 1.0, 1.0, 0.995, 0.990025, 0.985074875, 0.9801495006250001, 0.9752487531218751, 0.9703725093562657, 0.9655206468094844, 0.960693043575437, 0.9558895783575597, 0.9511101304657719, 0.946354579813443, 0.9416228069143757, 0.9369146928798039, 0.9322301194154049, 0.9275689688183278, 0.9229311239742362, 0.918316468354365, 0.9137248860125932, 0.9091562615825302, 0.9046104802746175, 0.9000874278732445, 0.8955869907338783, 0.8911090557802088, 0.8866535105013078, 0.8822202429488013, 0.8778091417340573, 0.8734200960253871, 0.8690529955452602, 0.8647077305675338, 0.8603841919146962, 0.8560822709551227, 0.851801859600347, 0.8475428503023453, 0.8433051360508336, 0.8390886103705794, 0.8348931673187264, 0.8307187014821328, 0.8265651079747222, 0.8224322824348486, 0.8183201210226743, 0.8142285204175609, 0.810157377815473, 0.8061065909263957, 0.8020760579717637, 0.798065677681905, 0.7940753492934954, 0.7901049725470279, 0.7861544476842928, 0.7822236754458713, 0.778312557068642, 0.7744209942832988, 0.7705488893118823, 0.7666961448653229, 0.7628626641409962, 0.7590483508202912, 0.7552531090661897, 0.7514768435208588, 0.7477194593032545, 0.7439808620067382, 0.7402609576967045, 0.736559652908221, 0.7328768546436799, 0.7292124703704616, 0.7255664080186093, 0.7219385759785162, 0.7183288830986236, 0.7147372386831305, 0.7111635524897149, 0.7076077347272662, 0.7040696960536299, 0.7005493475733617, 0.697046600835495, 0.6935613678313175, 0.6900935609921609, 0.6866430931872001, 0.6832098777212641, 0.6797938283326578, 0.6763948591909945, 0.6730128848950395, 0.6696478204705644, 0.6662995813682115, 0.6629680834613705, 0.6596532430440636, 0.6563549768288433, 0.653073201944699, 0.6498078359349755, 0.6465587967553006, 0.6433260027715241, 0.6401093727576664, 0.6369088258938781, 0.6337242817644086, 0.6305556603555866, 0.6274028820538087, 0.6242658676435396, 0.6211445383053219, 0.6180388156137953, 0.6149486215357263, 0.6118738784280476, 0.6088145090359074, 0.6057704364907278, 0.6027415843082742, 0.5997278763867329, 0.5967292370047992, 0.5937455908197752, 0.5907768628656763, 0.5878229785513479, 0.5848838636585911, 0.5819594443402982, 0.5790496471185967, 0.5761543988830038, 0.5732736268885887, 0.5704072587541458, 0.567555222460375, 0.5647174463480732, 0.5618938591163328, 0.5590843898207511, 0.5562889678716474, 0.5535075230322891, 0.5507399854171277, 0.547986285490042, 0.5452463540625918, 0.5425201222922789, 0.5398075216808175, 0.5371084840724134, 0.5344229416520513, 0.531750826943791, 0.5290920728090721, 0.5264466124450268, 0.5238143793828016, 0.5211953074858876, 0.5185893309484582, 0.5159963842937159, 0.5134164023722473, 0.510849320360386, 0.5082950737585841, 0.5057535983897912, 0.5032248303978422, 0.500708706245853, 0.4982051627146237, 0.49571413690105054, 0.4932355662165453, 0.4907693883854626, 0.4883155414435353, 0.4858739637363176, 0.483444593917636, 0.4810273709480478, 0.47862223409330756, 0.47622912292284103, 0.4738479773082268, 0.47147873742168567, 0.46912134373457726],